V1,V2,V3,V4,V5,V6,V7,V8,V9,V10,V11,V12,V13,V14,V15,V16,V17,V18,V19,V20,V21,V22,V23,V24,V25,V26,V27,V28,Amount,hour_of_day,predicted_class,fraud_probability,actual_class,risk_level
0.16638831079612357,0.5825804891557329,-3.3798953527198825,2.1522748051253258,-1.3376013075251394,-0.8243075750885145,-0.8086158691595345,0.4469579616226276,-0.9838775460424573,-3.230374041428214,1.899891338582779,-2.753916393824899,0.6503060094682063,-5.62536378970799,1.8173286944808262,-3.3224516475137658,-2.6371674177290885,-0.24711921395687697,2.4281628286163253,1.5016896163503464,1.2510609584373094,1.5458355634156589,1.6579731651177405,1.487171466635221,-1.0118841236048854,0.3855660837085873,0.45879384300550974,-0.0983088103421858,1.0336258214067178,0.08355693132618199,1,0.89,1,High
-6.120516579325966,3.922231080822638,-9.328043993196324,5.441410652398087,-7.973484062302986,-2.1599472138714444,-10.327085004561814,6.052513746313243,-6.702500024622827,-11.796421026164088,5.502150523537088,-11.281387751468541,1.1273583801157474,-10.889587639800867,-0.5175709101854982,-12.469144833861181,-25.857434082751503,-11.280138057406116,2.5782396054234984,-1.3667106816866816,2.9088098976437755,-1.770825035765298,-0.0363095902065264,1.0130793302498617,0.598690430508333,-0.8913853672853164,-1.772611353874253,-2.578809514907293,0.33788264950189817,-0.2651663129460084,1,0.97,1,High
-12.931545793975818,8.696911537984944,-18.25549161001824,4.463654934373586,-13.389130982568407,-3.5464319897043888,-14.549037860213652,13.476493150467563,-3.3618876742083827,-7.692542153406898,4.630189361359341,-6.355007774368627,0.7231275754112861,-7.1160445601769515,-0.1322424173292624,-6.8944179026103045,-14.165094775958886,-5.695064819574947,1.1554339778825105,2.1785871242968153,2.4253642457125237,-2.5351531519871293,-1.8462022276588022,0.2464344157941909,3.3468689339607858,-0.46335791863783016,3.654046148998354,1.3209286273425989,0.04215234645528493,-0.9269981128406563,1,1.0,1,High
-2.9560433939003157,3.5777578021018277,-5.042202976857582,4.165927643366846,-3.4145616482839585,-1.3691243448508614,-5.70606170301463,3.2170507173795495,-4.907743138635362,-6.891955670880638,3.447349143711286,-7.073110392618619,1.6188910186454055,-8.642285857137432,0.6137538512322182,-7.6972982233114715,-13.823087294807221,-5.78063838149919,3.2175164083374996,0.37866371111065966,1.5457841187993853,-1.3286644476326932,-0.1586957828214606,-0.3001462979171422,-0.2822701679623703,-0.11218205421220352,0.7711239591383217,0.6829057440902465,0.08953879758659095,-0.5049311627871548,1,1.0,1,High
-1.1841187511769031,-2.0719472614299836,-2.5997871509823596,2.220195712972264,-2.011348187538346,-0.1850408036451913,-0.7028347264611591,0.26910947925075474,-0.7149594590790813,-3.9941024227212143,2.855960308741204,-2.4816096912918377,0.040670975204922466,-5.831589512773893,-1.101806342679581,-2.830458850262935,-5.122112199229344,-1.001742556470649,0.7391899555443804,4.258898846291784,1.6787304647156462,-0.9459625780455939,-2.39947858559073,-0.10769686626042506,0.3717778061470704,1.0815574083399697,0.7682697717440377,1.6786646571649322,5.2606105689487315,0.5682549895196498,1,0.97,1,High
-3.0867784104403606,2.8318240197258415,-6.6667375124172255,4.646958577084275,-4.448020947443271,-2.823160895947616,-8.951686661596305,3.0768420958375646,-5.189055048367613,-11.930564418321712,7.8780931754420775,-13.144305657159522,0.4408587494790292,-16.970327622372874,1.676277814599676,-14.029444504548973,-24.122759855815566,-9.166616284979932,4.718121709602483,1.5676517875997638,2.7471365457064585,-0.1886265978402979,0.103319482973963,0.631058257499778,-0.25956890694660173,1.1505141448023115,4.563789490708616,1.159202101536005,-0.3410263945885548,-0.2702876863798091,1,1.0,1,High
-1.0350902727510307,2.086717431934257,-2.891168236499782,3.9664822685071495,-2.2063473669419817,-0.9860735575688258,-4.733050714906954,1.4120037305607198,-3.9572605707734287,-5.573051008903704,3.6048235658566123,-7.665068348538141,1.4281212546513629,-8.763531086909946,0.7682872182017887,-8.910806441553525,-16.6736264443508,-6.1418333895150745,2.95853625494887,1.4622329767514644,2.0272759175031623,1.2468796075694994,-0.22164086574697642,-0.002972593967412687,-0.1813883613712577,0.7891904875255863,3.3108130237711686,1.7212757375390648,-0.33167859765317337,-0.5192146263089477,1,0.97,1,High
-9.428098400816964,6.853397097000706,-14.448353073411083,4.289202647369213,-9.81931021248752,-3.487635193628358,-12.493114201489256,10.0561626706029,-3.567820422296272,-8.285330629130803,5.7589440315877365,-7.93549383232039,-0.028148174410954328,-9.680008137211747,-0.05329600665261555,-8.331720557022997,-15.933701770657574,-5.907059137723498,1.656852743484377,2.2635446935895662,2.4525909151369305,-1.776794601065924,-1.1329894305170105,0.16328865964432185,2.2642226136839105,-0.5008500780286076,3.9585483078840005,1.7150166357397907,-0.3584270555505203,-0.9725736378937451,1,0.97,0,High
-3.9807086957174187,-4.318207580685349,-1.6125951927898163,2.3926047899400698,3.3594600982444582,-3.9052871095019723,-5.392887568388847,1.456010533110416,-0.5358224621160977,-3.673236255549965,2.4190417442607566,-2.007900411581188,0.1151830787309218,-5.51537941411537,-1.6124637916628892,-2.649122715123324,-5.101075017762988,-0.9322644391841582,0.32325815057249063,3.813609066031122,1.676216317077572,-0.8896975923839963,-0.520192090563631,-0.13650848928563644,0.44043518811700333,0.8745955449028865,2.0907560465653687,-3.3236533689401515,-0.28566801273746467,0.5858274084576449,1,0.56,1,Medium
-4.13740559435169,-3.217323951974552,-2.246732660554612,3.1087302471778577,1.7449718918954866,-2.6192514269728946,-4.324445111498431,0.10143751054509044,0.5767791929115045,-0.7245130095764865,3.0508378768628344,-2.482033310112087,-0.147121100446731,-5.508321232018994,0.6047974339889323,-3.390536939854913,-5.393967853032802,-2.003998110914951,3.7039533992823905,-2.914294675719176,-0.9812949641348241,-0.8084262736370741,-8.015678516069544,0.6736965803056457,-2.450468283096736,1.0581429381468634,4.934272929750057,-4.883297797994613,-0.3126592705552111,-0.4580870406449595,1,0.62,1,High
0.6684123102810198,1.894127531751374,-4.421223543144752,3.9100237773327677,1.2612284814165093,-1.4395869399766759,-0.7963286573032444,0.2746908892485418,-2.6238418287452303,-3.5352869462119703,4.255220415005946,-4.4766105257978905,-1.7453505871690929,-10.410463815205965,-0.5416612862303068,0.6595863424700108,0.18953561829357057,1.9999169968147057,-2.180101826777791,0.31609646552631215,0.16289790759038403,-1.2829680934213852,-0.0835851307905665,-0.017353007695280077,0.591444327114171,0.12191086387872097,1.2123752363160722,1.0107253409111994,-0.3624737208905123,-0.18538565156441542,1,0.96,1,High
-1.62940751096884,0.11623194985972783,-2.5216943636414806,2.6382781222402922,-1.5187905802546853,-1.2496008841571917,-2.045010527680909,1.0866402769324985,-2.1287073131274843,-4.585117950416157,4.191332942858278,-4.882633964133292,-1.4083462199958958,-6.700252261231121,0.8978099988818978,-3.979636118226357,-7.278046195337625,-1.0410377383601246,1.4664323488702011,2.556053474669107,1.4961500856258934,-0.007582936890884351,1.5024160427882365,0.29245295888329265,-0.0025299654328775783,-0.5385699249214175,2.1873204057631495,0.7034612615927555,1.3630243800820643,1.133109589713705,1,1.0,1,High
-4.705936655415474,4.095841554757612,-8.727355070939499,5.319542610816107,-7.513011571175544,-1.6418846250171846,-8.20135857482208,4.601084904607413,-6.537409934853935,-12.145325153801677,6.555111789174301,-12.328931202202039,0.7089980849869857,-13.944334190104529,-0.298515747211443,-12.381650843152139,-25.054939520947688,-10.483277587719133,2.2728490396866765,-0.8813935196030649,2.42377460840448,-1.703828900053577,0.1567434770598881,0.7431331911890945,0.8294928167787974,-0.620351856796859,1.339452801962848,-1.4225799649273736,1.4952289367396019,-0.26732762650522707,1,0.97,1,High
-2.923041533170967,2.1562583461748606,-4.447823291167631,3.0306682057152257,-3.7916625595184557,-1.05342141227778,-4.272904380630955,2.223235456455454,-2.589940649959352,-6.026804999469702,2.9979209304708,-6.344584977356895,0.2915328247262913,-8.078231283063083,0.46236577450756744,-7.111815662369223,-12.150154005771105,-4.904583700559323,2.693617256554298,-0.2291423450179495,1.3028739102492073,-0.5634632430128097,-0.5527199839803976,0.32149729402880606,0.2171353955268934,-0.7863927823376751,-0.5461374004332609,1.4372711349412994,0.526983320839723,1.3935008885221765,1,0.94,1,High
-3.498683797243695,2.428981619868913,-6.886410588316208,3.62775008644772,-3.7364890757864093,-1.6313434764822916,-4.864089101399888,2.9683659696414173,-4.149978710690454,-7.844269901784702,6.027699055882336,-8.041552090218882,0.21824066110507076,-12.070033355858031,-0.44825560770508305,-6.076175291841609,-13.666740895946734,-4.2337045540165645,1.1074294647822136,0.16025688844609115,1.309253794418629,-0.595134227298247,0.22980867002818428,-0.56802460259994,0.6893031787289675,2.1973246949650562,4.201722860803256,-1.246716953662801,0.6610088769002571,1.802740912452489,1,1.0,1,High
-10.320487730182126,9.106644344733002,-15.864038430966648,8.597132691804443,-10.933025091174741,0.6114373505234134,-23.06869294293833,-9.92133107371458,-7.932683162298841,-17.38491162574552,4.6973623436322125,-11.775636932155782,-1.069414888528654,-7.692925628117696,-3.2569055182526925,-9.727079506810739,-15.80041577881703,-7.112672956597384,1.7483415141292975,5.0930112527967575,-11.147628837562506,4.806337818794517,4.254697475715896,0.3172883183129063,-2.5050364552788293,0.06824653462214263,-10.516395039382802,-2.033359800651556,-0.3532473239153306,-1.5549066868710464,1,1.0,1,High
0.2433008559578651,2.4250764235240605,-4.121987617493368,4.302478130852034,1.3216519724908828,-2.171354167178189,-0.4545706744453013,-0.11073567511497294,-2.244247539982917,-4.731947367199338,4.391112362178745,-7.256384241177205,1.3092528590382257,-10.025499974270401,-0.8609372300902304,-0.7447221779400399,0.993275574017489,1.2011246395355508,-2.434814778053317,0.5666300327803512,0.21812189237057591,-0.811351069614468,-0.9834535927802438,-0.673481636389641,3.0502291897783995,1.0609689592417784,1.3431017799109501,1.2876896861384297,-0.3584270555505203,-1.6832229331803095,1,0.98,1,High
-0.693017642237902,1.6225280540254405,-4.335104821272521,2.4894040096178354,0.8278436060345936,-2.2804694450677223,-1.2276582457629335,0.14942540952554367,-1.273654728357075,-5.114518743317554,3.0619232250154766,-5.445051341323216,-1.2696364169996701,-11.669897218584309,0.27239131724711874,-2.8251183859719826,-1.8405431551672742,0.17856919304143762,0.21999071093410297,0.02167767353150071,0.2090077979019301,-0.5078475708111461,0.6044855893214046,-1.2685474028026937,0.0910345792555195,-1.0124078874811069,0.15762414869976704,-0.7624215992288329,-0.3584270555505203,-0.16800117293591824,1,0.96,1,High
-8.081627342370433,4.627715126715211,-13.268432779204693,7.920073761540694,-5.0229420871950845,-1.647780389030279,-12.26646654525332,-0.6078451339206695,-6.352866517328443,-13.020377012159306,9.821338391146108,-13.91940184774419,0.3097553808475608,-15.238803418109594,-0.4427079514137233,-9.444572673351963,-14.424824735558664,-5.774090989067774,0.7501683282911765,1.461532319139272,-3.301680683974259,1.093809880315391,-0.5435545135257699,-1.6319713603455657,1.8979138746923883,1.6664610099592043,5.763655744679953,-3.706808042167102,-0.3584270555505203,-1.326230315290239,1,1.0,1,High
-0.5418125099697981,0.50340721795249,-0.9663108336092684,0.622471828772726,-1.6533217738175658,-0.11848071697955245,-1.3047540066010266,0.3729047482689241,-0.8124328387982677,-2.7171511077978936,2.5804959149543283,-2.16539513054031,0.8683694778883023,-4.203799488007209,-0.6380339511508274,-3.186434470936525,-7.622985456746968,-2.0447890756781533,1.3344016755512706,0.20450339985319566,0.8851070568738412,1.2575473646322863,0.3108850752565916,0.1284436742100557,-0.6234838652666512,1.4424234216430691,1.0646481563049013,0.24745154043639322,0.4641386081096478,-0.1827075021540799,1,0.92,1,High
-0.9733353240616083,1.1328037331433454,-5.0109249497897554,3.7704460850166246,-1.9552697974665596,-1.6373167463099312,-4.103758944440888,0.9948672043410535,-3.8826050528303195,-7.660315892784305,6.840084230215217,-8.734564175425472,-0.24368747393496595,-13.38327166017716,-0.1508372513845712,-7.138294621105798,-14.55805763336272,-4.420222992994922,1.0423378052807584,2.8767150190376687,1.8825978411982975,-1.0836978444624283,-1.2416654140371668,-0.6344893637378569,1.3419249268421338,2.2709505128828145,3.2534117127977638,2.5667130646267227,1.710430599520375,1.751950043810851,1,1.0,1,High
-8.303419916863,5.434882881958307,-15.86641015202234,8.418938961312547,-6.646246265384309,-1.8506540913406944,-13.624821181506746,0.7806937909786512,-5.588147822344074,-12.029204767301966,9.375167748393801,-13.052830774988278,0.7303466215037145,-14.300755740117147,-0.4504541035725919,-9.018321534642503,-13.694005112138617,-5.659521451739962,0.8085844009307892,1.3025409736730165,-3.173831212243572,1.5364251619832023,1.8817441524069054,-1.7341177305700461,-0.321971623884013,1.3393085763563024,5.44130546965215,-4.441489548388462,-0.3584270555505203,-1.2434895940340644,1,1.0,1,High
-0.7743131077960461,0.6752948186679255,-1.8295485656488206,0.6748791478894761,-0.7357627745423093,-0.8725130871094962,-2.1694929388070583,0.11477409788368663,-0.8712052883709227,-3.2248619980446063,3.359807107750354,-3.7260507265885607,0.8133274144161183,-6.01699807187917,-0.6141057206611549,-5.575169312161006,-10.956826963354917,-3.2680403939142946,2.1076614111743273,0.4160058170739423,1.1031261639188021,1.5374897821244211,0.17839385857605985,-0.5361227719283248,-0.2652926766314955,0.17623048591801196,0.061503140582562815,-0.25067380810698536,-0.2934376101902492,-0.8281415100450907,1,0.98,1,High
-1.1553878897677652,1.8185761851641637,-3.533674987741552,1.6808805146363035,-1.0499085428394646,-0.3965382647160923,-1.7205393963357907,1.5584446692374085,-1.1530843335194205,-5.039376108342313,2.7642227367641197,-2.795533727210468,-0.3344731774868605,-8.189668017221269,-2.4171061130691083,-2.1842311441829967,-2.636225625266969,0.42217797802434626,-0.2111546018924239,-0.0621763830926305,0.9894360394640968,1.33220147123357,-0.030296546981764635,0.5291572249892909,-0.22041180205552957,-0.8559156318388437,1.4599601909243178,0.5468484828397937,0.34933471241407554,-0.2120731755130288,1,0.99,1,High
-3.2203179235037322,4.399039336978418,-9.14466589530424,5.6697145326328515,-5.754945698059626,-3.0617305287086816,-10.053131916198229,4.1264380515521575,-3.763704248076363,-11.915724978086635,8.286554920760475,-15.96839358291401,0.041439322343409996,-14.668711439482056,0.94561451785213,-14.029372251916481,-21.41053296784328,-7.734097104501164,4.305164230106552,0.6246274345756928,3.4097849976135923,0.741565083147761,0.8090518247255245,0.5911190421305872,-0.6927536989400956,-0.41966631018373424,-0.5215646434156702,1.2469062013935388,-0.18077844712487276,-1.8542016297454538,1,1.0,1,High
-1.992996996741546,1.6313799714266544,-3.8038527280247187,2.413547578859633,-0.4313110735613687,-1.4830314304421186,-2.6812662273711014,-0.8278672262252263,-1.0388349600914526,-3.6130544838160783,4.007263235510321,-6.101216181912512,-0.020820518669379097,-10.36102926333674,2.5540270690189915,-6.457940265812334,-7.324478546948627,-2.1544391944411667,3.664798577928855,-0.2589311820512616,2.272156719772967,1.1763236998944717,0.13352247715119012,1.2845862805849173,-1.8383094362018142,-0.024632459207540775,-2.7173554963256885,5.564232046106876,-0.35769865578932175,-2.0976313156217974,1,0.69,1,High
-1.6928883292031616,2.7262287758040182,-5.956318556052578,3.1322084992617296,-3.469563153663483,-3.26435666643555,-7.570207184023587,1.6337306401273273,-2.5823843235897437,-12.444170907337442,8.986355729154702,-16.774641909667782,-0.7352332049319441,-15.991685755453931,0.29734001215308953,-15.082597673441986,-24.359601372747292,-8.615977399898522,2.7875007658685846,1.9674407728560888,2.8666055501792878,0.9073366989201724,-0.5157307398956982,0.7326372760818413,1.0736638010047534,-0.8299540431105786,5.389278034734692,3.294422387414361,-0.3584270555505203,-1.8594169733340031,1,0.8,1,High
-6.861509532473293,4.55330857205168,-12.738672123477176,7.551265093350607,-8.594883795886155,-2.82115433855825,-12.233748003268339,7.319451149054865,-4.798644826654985,-12.13374344883439,6.035663382910203,-14.428671869504127,0.6159559869862433,-11.86729847443124,-2.677433720713626,-11.146536770492922,-20.791105878353147,-8.625023536599498,0.7735614166830226,-1.8560983894637797,3.7602822173408486,-0.3301315078928937,-0.6545461953622279,0.8555468409665291,-1.5985538942257322,-0.35522155213509465,-6.367337842569114,-2.2398556625549517,-0.2398192944353556,-1.8529800177337215,1,1.0,1,High
-10.076693592979987,7.318287048607495,-15.257442449745161,4.296838986939625,-10.793275935420809,-3.3167657532897215,-12.633157578838164,10.684997034301114,-3.5439181596354787,-8.20371500622396,5.545202007753185,-7.6499713366580515,0.12346412953936596,-9.191103485839893,-0.06490677552974236,-8.012802839700969,-15.598360018992206,-5.871948150749233,1.5646444572826277,2.0768999856139128,2.3843150695266466,-1.8878173893191499,-1.2278302728122312,0.18811581127850896,2.5065104335670707,-0.47229798313910326,4.128208049344755,1.516070808274701,0.04215234645528493,-0.9566456966638511,1,1.0,1,High
-3.037396802672651,4.429097422108192,-8.997707600635158,4.970854210797074,-7.058928475633395,-2.271368378610777,-9.487039705217294,4.020311610939423,-3.0966561762262197,-12.242443485333796,8.066336755569392,-15.80090286253858,0.07257355621807196,-14.646223735662344,0.7201439855166936,-14.354182407345249,-21.634162387411884,-7.859131371765529,4.904266287123641,0.053535515137942316,3.354553312017102,1.5629409767200382,0.8901434436534873,0.7772250886165449,-0.657860340712998,0.5692926824271766,0.26522395959576595,0.7929644973929674,0.9165153264673501,-1.8542016297454538,1,1.0,1,High
-2.735876025466473,1.5532666997164943,-3.8221864865699358,3.440764795544254,-2.4012441842383208,-0.8690675643923006,-4.759136452554823,1.427735087927343,-0.6683139719241354,-4.439289476196292,3.321153970319442,-7.174094369907728,-1.1903808282532085,-10.423165287992756,0.2408780549055151,-8.473550865085137,-11.206510121350997,-5.020377572260681,3.2840229025734753,-0.40217804935911045,1.0515110174149038,0.7294851973867529,0.9196196827924977,-0.26555397840816475,-1.530758773648698,-0.7630497384849952,-3.790087015701828,2.1224873656867067,-0.3580223890165211,0.7247152971761299,1,0.98,1,High
-5.573643466715204,3.6655471909747717,-8.20979704269491,6.23791840684184,-5.8215937094625145,-2.765956780818635,-11.197182532504248,5.338141357557883,-6.523916269766707,-11.844623710469174,6.51626738568838,-12.265521874586303,0.9819351039348936,-14.319340827210416,1.0322040007022402,-12.798688818436817,-23.53710227592434,-8.956096072469352,3.817703805173209,-0.08229295680310247,3.50365055947388,0.34765078581935194,-2.7094692810985395,0.9192654029591549,-0.15907711009886719,0.7167628847124273,0.6943928885802881,-0.4865439899601619,-0.3624737208905123,-0.2670457160409811,1,1.0,1,High
-5.254321443123268,3.8023023399263494,-9.105134549641544,5.476922979865677,-6.345246304181084,-2.9571337392691315,-9.787647869881656,4.84337902443004,-5.075405363428077,-11.431555439387237,6.646558211497516,-15.069247753085108,0.2203084891709794,-9.086754345322237,-0.2312521578133514,-16.019462442153337,-23.659360806624967,-10.071853601180791,5.93212661198746,-0.13044119191067827,3.844757029142684,1.7035783828959474,-0.9075054717010099,1.3906841800354075,1.0026099625058853,0.22321189079187762,-0.7851606107226548,0.18737486036166515,-0.3584270555505203,-1.852557152037353,1,0.97,1,High
-9.210154792920855,7.649281951026519,-14.030199011252328,7.889575550413366,-10.691554989578501,-0.32101849871859744,-19.70164158269777,-3.937640993230874,-7.616084141638664,-13.999719387435475,4.162232503958241,-11.96884741923326,-0.13302829093343643,-3.718331437821162,-2.3905428181614523,-11.791167848788975,-21.01664606626144,-9.868915571593584,2.9846910374455815,2.546517017067679,-5.888961590814897,3.474856016173713,3.3277533051210195,1.0331858201090438,-2.2862919873475964,-0.1580881605306802,-9.781213400017357,-2.5272743375280937,-0.3227354672517911,-1.6952980980655092,1,1.0,1,High
-5.5665597911125655,4.4912623626164585,-12.342897501732589,5.807617147060969,-7.4394229898005415,-3.4704380168227495,-10.673324292758442,5.633735974651286,-4.127312254581843,-13.717257335180108,7.997680551774967,-15.299457703314452,0.3032692413011273,-14.780865903592609,0.5175975966374264,-13.245214885179262,-18.12554822571438,-6.8182439359738956,4.665243365575425,-1.1011009830679233,3.698154772916058,1.0481067263725252,-1.842137214250749,0.7553140482600168,0.6737060237456529,1.0621075815548908,-3.6113233905522626,-1.5401145344548857,0.4004036290047742,-1.8538727342038335,1,1.0,1,High
0.19477099212136567,0.867637266119396,-1.3406725863272895,2.7119097949597184,-0.8079836223437528,-0.2905898811521084,-2.061352306241692,0.6310164788063413,-1.374793370097742,-2.4391955632760913,2.4285300034732704,-3.174990760753199,-1.052725166509395,-5.177763828400979,-1.5635912980195745,-2.646587243211561,-5.964509980049037,-1.5643580779753499,0.3648383364829092,0.3398191474194345,0.49289430364265846,-0.2979110150166598,-0.296297748024372,-0.2909824657677101,1.3892111600483452,0.251749410888674,1.4495847172565683,0.9085270399525495,-0.33200233088037273,0.8983721431516105,1,1.0,1,High
0.2233112000304177,1.2489640359048038,-2.0935856240843416,2.674564639879535,-0.2736681379214185,-0.9086851032390592,-1.6181270304227489,0.4482990044947288,-2.079110319119216,-2.8226246392606558,3.3295791203081966,-3.64803600214217,-0.9338371477722769,-6.1312213102495425,-0.14532950851609053,-1.688517175293271,-5.08128056808837,-0.7024967473253511,-0.26974803573607287,0.41504878260518985,0.4214238943726892,-0.7845758590907624,-0.2858466241655149,-0.5511383828859117,1.3692898736867483,0.10860908834965224,1.407322175942877,0.9953089391630607,-0.3553920565455263,0.5301031066917034,1,1.0,1,High
-1.6231660081033517,1.094311902485599,-2.5150349953383744,0.6596688955357032,-1.0476259497317144,-1.0070339908075943,-2.209948776730736,0.5893880247982236,-1.4741401367467972,-3.5255182332658097,3.067019975822256,-3.589468133973367,0.8999176899718964,-5.118043205698126,-0.6614209027047351,-5.422705224613155,-10.690684715744254,-3.0384555653887344,1.8446704721299862,-0.05084719715280509,1.5347852790453405,2.351423234085532,-0.9914985335715621,-0.4219790629876175,-0.586550757790536,-0.01953424271368593,-0.6019751541709962,0.05072621247865928,-0.021420766035988918,0.09384666327115795,1,0.97,1,High
-1.5410991477829485,1.2990636060645364,-0.5185455758042546,2.1448628792756086,-1.2428490856092806,0.16216397692135434,-3.537113448917166,-2.025244424958349,-0.8770408188989853,-3.667230437412047,1.7130333423638398,-2.1146520605699246,0.5933340843802393,-5.656102689996288,-0.35396327879715184,-4.323191712139229,-4.2540211538708474,-2.337002066214441,0.9641085710866365,0.902817691570636,0.23720913402111082,1.8363391047092679,-0.41937428988888653,0.8839550943287897,-0.5468026362014108,-0.13293758160471228,1.1718138648627596,-0.11161283112069904,-0.35438039021052836,1.7978544644055603,1,0.9,1,High
-1.9840944760893893,2.090930112441598,-3.9610802536400165,4.33260702997496,2.132615955461479,-2.048426462330089,-1.3434706126989315,-2.184988110818552,-3.49613139704927,-4.191404492557947,3.8533964022788,-5.029170608321791,-0.9664603119784071,-11.341097664227664,0.4860779052238703,-1.2852560132440416,0.9289560643090699,0.4995939114117484,-1.7443123906036595,0.052350895367028555,-1.7185544127198344,1.0825701318402254,0.7602016146572887,-0.4332606885685139,1.2160992031928655,1.1324104781506583,1.881835836793249,-0.6440510562503441,-0.3584270555505203,-0.20873723501945213,1,0.95,1,High
-14.27888627501753,9.514954236050981,-19.719416204651445,4.4998966838302685,-14.764979141565346,-3.589412556693024,-15.397247976795734,14.88198578680687,-3.29835731597743,-7.461010654147454,4.1650219737580665,-5.7378373362144,1.0094139536455693,-6.097507974198131,-0.19010116038596503,-6.351836544530678,-13.45784276927729,-5.58142166392649,0.968534497493263,2.2515136698371943,2.4521734731068894,-2.7588493178304487,-1.4559004770419048,0.2328132455055922,3.9668617204772203,-0.42997607255424747,3.3921321534045705,1.2059554830070056,0.04215234645528493,-0.8820803788708079,1,0.97,1,High
-5.681540061327694,4.166537047188109,-11.70987710793496,5.96575440719847,-7.503000953880668,-3.227733488597947,-11.576794658805412,5.953681866376108,-3.2638239150930697,-14.007193925744271,7.651576739180184,-14.921640409785237,0.237079441343666,-15.535739174639447,-0.33076269800945296,-13.452481940002333,-17.720372220333786,-6.812825882615242,5.0520518563316745,-0.8832930620745177,3.4625045079142494,0.24551231473066018,-1.6552119602232878,0.6672269010992233,0.11130442671037866,-0.06451452731672445,-3.733687786862358,-1.299415899770273,-0.046833824371138505,-1.8538727342038335,1,1.0,1,High
-1.8561555246205568,2.7991971945020806,-4.544243682821427,4.388525089385067,-4.237098515388783,-1.9202234656318204,-8.163523550994341,2.345693848366148,-5.0118060897824455,-10.382558411917366,6.900576308884855,-13.257060653166137,0.15761098999070544,-15.124385952893187,-0.4341316066528911,-13.76985985164216,-28.775413752743457,-10.73704477424266,0.9734169873290124,1.8259149070434282,3.0855801512331733,0.9408395710120808,-0.132534938110096,0.8833206143494071,0.6974388971724027,0.006345034780359253,5.23008707732577,2.6190708808686574,-0.3471368592519427,-0.2725429700937764,1,1.0,1,High
-9.704716377915931,7.174928421186524,-14.902412380603833,4.262798491851375,-10.603008477339685,-3.1929132061865824,-12.21928702399549,10.33068169499988,-3.591239909927704,-8.306464598176985,5.658089768119756,-7.838616296164342,0.05031355499400692,-9.463775370145667,-0.06284005170771056,-8.14372245354135,-15.79002590313274,-5.871548001628243,1.6245285688691142,2.0835341598492225,2.376629247912202,-1.74163273777706,-0.6272961375308757,0.15279612538680953,2.556282562480873,-0.4581903476499622,4.147928867671186,1.50863821873278,0.04215234645528493,-0.9581962042172036,1,1.0,1,High
-0.09605899085022435,2.0977591784019025,-2.5596178935937504,3.070897003418853,2.5304963560179656,-1.5966584428844042,0.24480385480722033,-2.467495387050704,-2.531831011651167,-2.5759652686321597,1.681073871837429,-2.198237714842782,-2.531492839200801,-6.880376771759663,0.05696539676452053,2.9252757161878464,7.525694432931427,3.049942759206645,-4.383777837693645,0.6227376657634427,-1.8768466939277877,-0.18663853832779043,-2.356234691763592,-0.42285976357805966,2.3968762450173027,0.9190871981842075,0.33486229187728755,1.3275491420312668,-0.3584270555505203,0.5239010764782935,1,0.87,1,High
-16.07751600656292,10.349309808998152,-21.57363596051794,4.616946743345438,-16.254749326997306,-3.826934704541619,-16.76797073544318,16.631532358553642,-3.1598745520341582,-7.102492145875478,3.5948196443604012,-4.901815991863215,1.3823787868775563,-4.787613456905628,-0.22569015336488493,-5.661354293873903,-12.549696810430556,-5.493906478297097,0.7043239067005399,2.291195537004649,2.478887969744477,-3.228470431981661,-2.370093086647702,0.2976938242722131,4.3364178185666375,-0.4394418952900237,3.1385770795011014,1.1141346172393671,0.04215234645528493,-0.8533255115177252,1,0.52,1,Medium
0.6256050358824955,1.7529106416315623,-2.8882516117802317,3.313475355516278,2.236556983477158,-1.403656939006405,1.4124864857377304,-0.2577304391299903,-2.4674412984928678,-1.7266689551411574,3.559225662059997,-1.3083758869154805,-1.3043677848520692,-7.3758716957110435,-0.39284278779024007,2.8355052752846017,7.109375595708901,3.5753802322538295,-3.2578426608155096,-0.061902552606428664,-0.1303479521557344,-0.3070432221630745,-0.8326465424547016,-0.7494071829117692,2.4937498020874425,1.04955786984696,0.021292227675263883,0.47538624443182426,-0.3597219884593177,-0.8171000168621259,1,0.74,1,High
-13.916947622084622,10.215624843195755,-20.936572609520972,6.306960370356752,-13.144057211735765,-0.9665683900904499,-25.696298357962156,-9.5215280422989,-8.376464838533646,-20.395333062760475,4.165073291537547,-9.823134675182224,-0.7114872875256391,-4.110986920261078,-2.6270970311921067,-7.7166883344911605,-14.26454688725119,-6.517870652067201,-0.6806571805120593,3.72956920586448,-11.862262722203509,5.010853645787687,1.4895493007809193,0.4163897339209042,-1.586868577478288,-1.995360077837922,-18.508368144726493,-4.168009337881987,-0.3584270555505203,-1.830286225361926,1,1.0,1,High
-6.728071078112172,4.650292951162374,-14.275941516263781,5.28091607021119,-8.479570913898034,-3.9515068933540283,-11.5301792581611,6.9216160396327595,-3.8427961628864864,-14.304966984334234,7.246132272849959,-14.485281350418965,0.4651455031972681,-13.76910650533797,-0.9214834262589291,-11.72340693673979,-18.35738002838316,-6.971839588006291,1.9326804650756728,-1.8595987370255553,4.039293148679659,0.9330940061095667,-1.2336100114735462,0.7086327509513434,-0.3140338203826477,-0.03137101749186387,-6.118949483082485,-2.2696674920726045,0.05850087442885252,-1.8529800177337215,1,1.0,1,High
-7.72587061282041,4.877128638042466,-15.225219401074437,8.448400996487045,-6.09717634419243,-1.7560302771152174,-13.02530719319933,0.056738758370012715,-5.628996237916012,-12.188064685579667,9.614720154958219,-13.368648680812864,0.6112768980515386,-14.805641174259957,-0.39911173809556877,-9.2499215281879,-14.057346364419868,-5.704882714472056,0.8906947226240978,1.3081283315312882,-3.1897173614289174,1.6269861536094663,1.7198784552941961,-1.72243234936932,-0.6151964894351315,1.3083159367399135,5.504249794014244,-4.40799332973301,-0.3584270555505203,-1.2641630280787644,1,1.0,1,High
-4.125549454606278,1.6856119438771617,-5.606776900596118,4.483802568209922,-3.9790843948757706,-0.2839742244660908,-7.127639135399269,0.9604048857528803,-4.023913302774014,-7.118500003926303,4.982539921572646,-8.039752387873373,-1.161827929885915,-8.443682693104398,0.671576569151742,-7.12507404538544,-15.739361258718858,-5.121946358685053,1.8479367807516576,-0.8404872232398743,0.12024185577102245,1.61678196914126,0.5457058932142705,-0.7257081699825427,-0.8683285001270095,0.4280115124789258,1.0773152899978102,-0.3365823404770218,0.2585275421846557,0.456101609827152,1,1.0,1,High
-2.512471712865856,3.499077879821283,-4.8121114479312626,3.7023502681750307,-3.1886228930454203,-1.357784549875499,-5.172480175106222,2.860570250208639,-4.796946567079375,-7.196730083294964,3.4286612856232366,-7.202218643986754,1.4415617890312065,-8.95839684530557,-0.06308403631772554,-7.426411190919082,-14.449728992095034,-5.908972209470266,2.020192061909318,0.3587489409922431,1.6356481577248851,-1.1607029141840381,0.333721399940523,-0.36426816662696193,-0.7564411250003781,-0.5657313488601489,0.5335853478123984,1.2246903690221171,0.08953879758659095,-0.5151269245773819,1,1.0,1,High
-5.153087226945345,4.561604018927372,-9.05394648007639,3.003625256689088,-5.553189462552489,-2.6440898169510056,-6.8541862497594215,5.700282810530322,-2.1176149665723876,-5.571197418409674,2.511830656728369,-5.667992428077284,-0.5578399519063912,-7.325745218797286,0.8999216921744616,-4.634886199947783,-8.040315687949043,-2.9797489400509183,0.6884255091630163,1.0893302677819112,1.2789851329944302,-1.201852151048357,-0.29394130627115905,-0.06441905266161964,0.9799474099496078,-0.552601969843644,2.8875076064011562,0.7036151135274707,0.04215234645528493,0.19711986333990952,1,1.0,1,High
-15.364094825230817,10.004018060738082,-20.824061380252317,4.5753930730839265,-15.605191253176743,-3.7699571317854588,-16.289411139318332,15.93385331854984,-3.205437171389722,-7.23035421101302,3.8235004586176102,-5.225517117965864,1.2324695152101544,-5.306262423428837,-0.20891115830342458,-5.941090190103223,-12.907955568373024,-5.537928730659587,0.8065213524108735,2.2674819513223907,2.4691900714681423,-3.066723803020533,-2.213812661058978,0.2829626569084241,4.126649278270006,-0.4417417228368183,3.2558926026027297,1.1635549037935808,0.04215234645528493,-0.8562855713923072,1,1.0,1,High
-6.489261786994384,5.086317576260281,-11.848755650002373,5.0314704348440085,-7.148680144727147,-2.8270037307431846,-13.284205565777318,1.7207873861280794,-3.765782999438791,-15.39209201094348,7.067478088882864,-14.459653045377289,-0.44136520746522917,-14.578966868680569,-1.8630985986088182,-12.621100661003036,-18.116376907868222,-6.812684577343582,2.7836642895663757,0.6964593516223202,0.24227786502617482,2.2057243298579636,-1.2356742424500076,0.6103884561219012,-2.949008531378311,-1.0722856143170456,-1.1093647617755429,0.9132866492419621,0.030052817088708952,-1.8510536295613746,1,0.97,1,High
0.04814952310427086,2.5631714043258578,-4.4753450523958165,4.7173474116908585,0.6345505902285172,-2.587652981619834,-1.3127937937757939,0.1205607253138679,-2.478836710275272,-5.683480473590491,5.366664147691152,-9.135171994393387,-0.3243704969695642,-11.120137924180883,-0.7534152154129902,-2.3086115170727974,-1.3157956332076581,0.1739985305490442,-2.348407671674944,0.6305592589115229,0.5092506312743299,-0.8200780672152261,-0.8619594967274665,0.20784786664537824,2.8894685667729973,1.0323835238466104,1.8727614267828119,1.6070392059098897,-0.3584270555505203,-1.8507717190971287,1,0.97,1,High
-6.917521274531645,7.917653225822845,-6.996423287296957,2.3238269850243207,-3.4777748447699013,4.363901470876598,-15.431400147680419,-31.074071755453083,-0.3518442744870543,-4.639449089654123,4.1523359861539655,-4.245783666715966,-1.8853038610736013,-9.443238246316486,-0.3147879346489869,-7.038021219949431,-7.164582451276019,-3.7162763401026666,0.07530815132904814,-4.6789129394079385,36.91527673815678,-12.684083467291543,8.705977002036258,-1.0649398318886851,0.42615563459611194,-0.23421402767206623,3.232669810375666,2.9446872644576585,-0.3584270555505203,1.0003297610538813,1,1.0,1,High
-0.757940301047419,1.4305349934901495,-1.2176406257657106,1.4277098389167324,-0.6717338827596517,-0.8056107928134205,-1.6657729604447855,-0.23687696107235176,-1.387465403180177,-2.5275437299513235,3.217097057762094,-3.2301600491973312,-0.9207696026766851,-4.655860391163672,0.4566881552445753,-3.290804550984657,-6.02261055224382,-1.0807094349057091,1.428011522585061,0.21267542582503038,1.7889090196510642,0.19863891050688348,-0.00755960504103944,0.242229407317453,-0.2972015973526931,-0.7685771762586656,-0.05104255380654894,-0.6606035931878259,-0.3584270555505203,-0.06463400271241801,1,1.0,1,High
-11.50432987033541,8.007141578245431,-16.756422167735757,4.3803552038717966,-12.090775493784232,-3.4319149861541907,-13.59139329296296,12.080885508776564,-3.4529425210366136,-7.948178159864836,5.087643587054753,-7.002460921178961,0.4233005971317421,-8.153490660598687,-0.09861414133733895,-7.4537109418293035,-14.881685951678826,-5.7833634877151585,1.3599634814149597,2.1289736311097425,2.4052460794925694,-2.211548144883295,-1.5358011257805133,0.2171660070052977,2.9269208971486362,-0.4678746218469705,3.890245009916236,1.4189567957669686,0.04215234645528493,-0.94052981512446,1,1.0,1,High
-3.518260735199514,3.324463922297314,-7.098192605643609,6.421323033515504,-5.816142133688465,-1.756756465238089,-8.476222104256886,3.516347210743324,-4.715404161772222,-10.19335071445498,6.805107061630217,-15.938077450517687,-0.11917524939746552,-11.471284170233409,-2.1578737544649553,-14.112432834706944,-25.92488672559556,-11.001221366518362,2.4313467665596518,-0.12903384232855108,2.604379732861307,-0.44846821924827146,0.7174234424503007,1.112227138537277,-1.6795723303844587,-0.5186979917701231,2.9524431544352994,0.6151724314024287,0.48590966763880455,-1.8540606745133308,1,0.99,1,High
0.2157212779656241,0.7978547470079638,-1.5639542258030263,1.6813533201157216,-1.064587234913194,-1.1228672064211087,-1.9954975622178404,0.5057319869192404,-1.0014560422480991,-2.9698290974372505,3.336393759516331,-3.5967432997155626,-2.095075880065128,-4.662900409530858,0.5405884705635019,-2.65039973446493,-5.8201559336099455,-0.8571798932768865,0.2911056239408738,0.27621705415655423,0.7702135716920462,0.29458016357525196,-0.2640044756939715,0.5045565074643731,1.3264037593753555,-0.4850386291489142,1.477011045085614,0.93924270325328,-0.3371011292087626,0.5991711704319509,1,1.0,1,High
-0.8239817859559506,1.9390787438975514,-1.9558029335448552,2.391762486275851,-0.2639189802646104,-0.9772392845458205,-1.6096270116791311,0.8258674705060657,-2.4904952173706554,-3.8129601800372885,1.2472120166226,-5.217850039615053,-1.227376387815815,-6.60414084384143,0.4135097273768536,-2.242411111028311,-5.657585484349803,-1.2018210957517248,-0.15092087831371184,0.36625920128761846,0.5814810610583679,-0.8781426702607565,-0.5002259135660295,-1.1328187638774927,0.6808054957800219,0.10382594035299583,1.0035842796303887,0.9324472086109308,-0.3356847963397654,0.7114655053565722,1,0.99,1,High
0.3282545876507932,0.9639427782705202,-1.6045279026976704,2.2676736784769793,0.20366047417538904,-0.008304153465023905,-1.2169497064872568,0.43861354358985927,-1.7746202628264842,-1.9550212301113876,2.558484143862068,-2.037899643170847,0.5726415838685598,-4.86380774585832,0.16192936400880767,-0.8722838875489117,-3.7032133432769276,-0.40667194596641154,-0.824960718828727,0.382992375289698,0.5190977588094021,0.21172097495428288,-0.4782964504780395,-1.7513806392283704,1.4473878577005506,0.4839613347334266,1.0641025900593015,0.7230800030679266,-0.285506146123865,-0.5948606008816,1,0.84,1,High
-0.667604202913117,1.5632360587615106,-0.7216936350283706,2.8678944523063326,-0.42174867711361874,-0.48666473170027613,-1.5699574284582507,-0.2821307154104391,-1.6449566204762938,-2.9011874521307615,1.377576440466433,-4.26850732602572,-1.1104307039761057,-6.711229162996107,-0.38616977376918993,-3.225048259300245,-4.200951410158809,-1.374019200415366,1.027163046531951,0.444551767111406,1.4796283606837906,-0.4531781317700554,-0.3360539663176702,0.20275539090931463,-0.2521235677701349,0.3571399258698531,1.5587581698297137,0.7294767573975441,-0.3584270555505203,0.8220213924183432,1,1.0,1,High
-1.3608208626885356,3.627213555316567,-5.447010678854085,4.506207224934147,0.022429763521080844,-2.4186836420245763,-2.526653977661491,1.4711056217084675,-3.3946727412169553,-6.606432163102764,6.755770448159789,-9.204372097358672,-0.09201203056796235,-11.36153768758498,-1.8801414855373335,-2.6913658042590414,-3.1964899430626375,0.361438003670826,-1.6742450115645615,0.5114972319540624,1.0115070944443094,-0.5733732706639266,-0.6085418722793625,-0.4795125898001612,1.9233706637607177,0.8377918771182229,0.7121143708391003,0.9485172721887668,-0.3584270555505203,-1.7872478944870502,1,0.99,1,High
-0.4105212909172251,1.9402784685617924,-3.658543542046106,3.8222609238909455,-1.774335442438669,-1.4115771001868782,-4.485829178007153,0.9812308643701837,-3.4628362779466126,-6.486103346864901,4.464387626717645,-7.992548888821492,1.1213352415399518,-11.628721512651044,0.3991821103307095,-7.402601873943443,-15.323612124963796,-5.302032038342934,0.5395873419410433,1.427202897950815,1.6326709030435789,0.18076925466545385,-0.5383190424689213,-0.3634082911433014,2.014036438590241,0.5460978135803285,3.4969678413129963,2.1649915337614796,-0.285506146123865,-0.5746100325332688,1,0.99,1,High
-1.2943622681082725,3.588362544046642,-5.422835681852377,4.51768325988254,0.01910859665929547,-2.422362076556864,-2.527468490765045,1.5083157943227803,-3.4366966749593857,-6.704086156133272,6.725528385165917,-9.271829782498443,-0.22873540018375454,-11.295757427866391,-1.8726021506142,-2.6703090267467817,-3.1793324892025576,0.3903907532582322,-1.6783575516034237,0.5243091722769374,0.9870155373876203,-0.5907971435562033,-0.6374283746492032,-0.4841830970585312,1.9310472504988851,0.8640114918329188,1.0506117169939646,0.961924442054222,-0.3584270555505203,-1.7868720138680556,1,0.99,1,High
-11.147467000119768,7.834827329509439,-16.381667374892846,4.35949994470639,-11.76630653063091,-3.4031971679811512,-13.351899346630034,11.731944249578046,-3.4756951360101747,-8.012073270725285,5.202021740454342,-7.164332230241218,0.3483425231623821,-8.412875541290418,-0.09019599322442068,-7.5935060236745135,-15.060845362428607,-5.805478218384569,1.4111170759569918,2.116225624307061,2.4001026694246725,-2.1306292772169035,-1.4585412942955402,0.2098794724272277,2.8218691074669473,-0.46899072078713094,3.94954186211722,1.4433357779219498,0.04215234645528493,-0.9422212779099354,1,1.0,1,High
-1.4023371909583926,2.2661397028921133,-3.0105008769541803,3.764695485385477,-1.9018023001238629,-0.100688812762715,-3.5865329201780582,-0.24100735039697455,-2.5018392871602777,-4.100399829805634,3.7303632551828345,-6.7968640273181,-1.158854759846681,-8.565521158084419,0.8030689803096719,-7.674694575919284,-10.098225139670879,-5.407394479210404,1.387106673003741,0.22642004981613353,3.2941072635788324,-0.08873765707970732,0.6472644689138417,-0.26208611112763264,-0.9151084675346335,0.5599702051801217,2.1128720369442133,0.6807382939412449,0.09208819675078588,-0.28179903033651726,1,0.99,1,High
